# owner	name	descriptor	static	template	dataArg	slot	callbacks	resultSlot
# Collection, Map, Queue and views
java/lang/Iterable	iterator	()Ljava/util/Iterator;	false	RETURN_NEW	-	-	-	-
java/lang/Iterable	forEach	(Ljava/util/function/Consumer;)V	false	CALLBACK_VOID	-	-	0@java/util/function/Consumer#accept#(Ljava/lang/Object;)V#INTERFACE@slot:COLLECTION_ELEMENT	-
java/util/Collection	add	(Ljava/lang/Object;)Z	false	STORE	0	COLLECTION_ELEMENT	-	-
java/util/Collection	addAll	(Ljava/util/Collection;)Z	false	NO_OP	-	-	-	-
java/util/Collection	iterator	()Ljava/util/Iterator;	false	RETURN_NEW	-	-	-	-
java/util/Collection	stream	()Ljava/util/stream/Stream;	false	COPY_NEW	-	COLLECTION_ELEMENT	-	STREAM_ELEMENT
java/util/Collection	parallelStream	()Ljava/util/stream/Stream;	false	COPY_NEW	-	COLLECTION_ELEMENT	-	STREAM_ELEMENT
java/util/Collection	forEach	(Ljava/util/function/Consumer;)V	false	CALLBACK_VOID	-	-	0@java/util/function/Consumer#accept#(Ljava/lang/Object;)V#INTERFACE@slot:COLLECTION_ELEMENT	-
java/util/Iterator	next	()Ljava/lang/Object;	false	LOAD	-	COLLECTION_ELEMENT	-	-
java/util/Iterator	forEachRemaining	(Ljava/util/function/Consumer;)V	false	CALLBACK_VOID	-	-	0@java/util/function/Consumer#accept#(Ljava/lang/Object;)V#INTERFACE@slot:COLLECTION_ELEMENT	-
java/util/List	add	(Ljava/lang/Object;)Z	false	STORE	0	COLLECTION_ELEMENT	-	-
java/util/List	add	(ILjava/lang/Object;)V	false	STORE	1	COLLECTION_ELEMENT	-	-
java/util/List	get	(I)Ljava/lang/Object;	false	LOAD	-	COLLECTION_ELEMENT	-	-
java/util/List	set	(ILjava/lang/Object;)Ljava/lang/Object;	false	STORE	1	COLLECTION_ELEMENT	-	-
java/util/List	listIterator	()Ljava/util/ListIterator;	false	RETURN_NEW	-	-	-	-
java/util/List	subList	(II)Ljava/util/List;	false	RETURN_THIS	-	-	-	-
java/util/List	sort	(Ljava/util/Comparator;)V	false	CALLBACK_VOID	-	-	0@java/util/Comparator#compare#(Ljava/lang/Object;Ljava/lang/Object;)I#INTERFACE@slot:COLLECTION_ELEMENT,slot:COLLECTION_ELEMENT	-
java/util/Map	put	(Ljava/lang/Object;Ljava/lang/Object;)Ljava/lang/Object;	false	MAP_STORE	-	-	-	-
java/util/Map	putIfAbsent	(Ljava/lang/Object;Ljava/lang/Object;)Ljava/lang/Object;	false	MAP_STORE	-	-	-	-
java/util/Map	get	(Ljava/lang/Object;)Ljava/lang/Object;	false	LOAD	-	MAP_VALUE	-	-
java/util/Map	getOrDefault	(Ljava/lang/Object;Ljava/lang/Object;)Ljava/lang/Object;	false	LOAD	-	MAP_VALUE	-	-
java/util/Map	keySet	()Ljava/util/Set;	false	COPY_NEW	-	MAP_KEY	-	COLLECTION_ELEMENT
java/util/Map	values	()Ljava/util/Collection;	false	COPY_NEW	-	MAP_VALUE	-	COLLECTION_ELEMENT
java/util/Map	entrySet	()Ljava/util/Set;	false	RETURN_NEW	-	-	-	-
java/util/Map	forEach	(Ljava/util/function/BiConsumer;)V	false	CALLBACK_VOID	-	-	0@java/util/function/BiConsumer#accept#(Ljava/lang/Object;Ljava/lang/Object;)V#INTERFACE@slot:MAP_KEY,slot:MAP_VALUE	-
java/util/Map	computeIfAbsent	(Ljava/lang/Object;Ljava/util/function/Function;)Ljava/lang/Object;	false	CALLBACK_RESULT	0	MAP_KEY	1@java/util/function/Function#apply#(Ljava/lang/Object;)Ljava/lang/Object;#INTERFACE@arg:0	MAP_VALUE
java/util/Map	computeIfPresent	(Ljava/lang/Object;Ljava/util/function/BiFunction;)Ljava/lang/Object;	false	CALLBACK_RESULT	0	MAP_KEY	1@java/util/function/BiFunction#apply#(Ljava/lang/Object;Ljava/lang/Object;)Ljava/lang/Object;#INTERFACE@arg:0,slot:MAP_VALUE	MAP_VALUE
java/util/Map	compute	(Ljava/lang/Object;Ljava/util/function/BiFunction;)Ljava/lang/Object;	false	CALLBACK_RESULT	0	MAP_KEY	1@java/util/function/BiFunction#apply#(Ljava/lang/Object;Ljava/lang/Object;)Ljava/lang/Object;#INTERFACE@arg:0,slot:MAP_VALUE	MAP_VALUE
java/util/Map	merge	(Ljava/lang/Object;Ljava/lang/Object;Ljava/util/function/BiFunction;)Ljava/lang/Object;	false	CALLBACK_RESULT	0	MAP_KEY	2@java/util/function/BiFunction#apply#(Ljava/lang/Object;Ljava/lang/Object;)Ljava/lang/Object;#INTERFACE@slot:MAP_VALUE,arg:1	MAP_VALUE
java/util/Map$Entry	getKey	()Ljava/lang/Object;	false	LOAD	-	MAP_KEY	-	-
java/util/Map$Entry	getValue	()Ljava/lang/Object;	false	LOAD	-	MAP_VALUE	-	-
java/util/Map$Entry	setValue	(Ljava/lang/Object;)Ljava/lang/Object;	false	STORE	0	MAP_VALUE	-	-
java/util/Queue	offer	(Ljava/lang/Object;)Z	false	STORE	0	COLLECTION_ELEMENT	-	-
java/util/Queue	add	(Ljava/lang/Object;)Z	false	STORE	0	COLLECTION_ELEMENT	-	-
java/util/Queue	poll	()Ljava/lang/Object;	false	LOAD	-	COLLECTION_ELEMENT	-	-
java/util/Queue	peek	()Ljava/lang/Object;	false	LOAD	-	COLLECTION_ELEMENT	-	-
java/util/Deque	push	(Ljava/lang/Object;)V	false	STORE	0	COLLECTION_ELEMENT	-	-
java/util/Deque	pop	()Ljava/lang/Object;	false	LOAD	-	COLLECTION_ELEMENT	-	-
java/util/Deque	offerFirst	(Ljava/lang/Object;)Z	false	STORE	0	COLLECTION_ELEMENT	-	-
java/util/Deque	offerLast	(Ljava/lang/Object;)Z	false	STORE	0	COLLECTION_ELEMENT	-	-
java/util/Deque	pollFirst	()Ljava/lang/Object;	false	LOAD	-	COLLECTION_ELEMENT	-	-
java/util/Deque	pollLast	()Ljava/lang/Object;	false	LOAD	-	COLLECTION_ELEMENT	-	-
java/util/Collections	sort	(Ljava/util/List;Ljava/util/Comparator;)V	true	CALLBACK_VOID	-	-	1@java/util/Comparator#compare#(Ljava/lang/Object;Ljava/lang/Object;)I#INTERFACE@slot:COLLECTION_ELEMENT,slot:COLLECTION_ELEMENT	-
java/util/Arrays	asList	([Ljava/lang/Object;)Ljava/util/List;	true	STORE_RETURN_NEW	0	COLLECTION_ELEMENT	-	-

# Stream and Optional
java/util/stream/Stream	empty	()Ljava/util/stream/Stream;	true	RETURN_NEW	-	-	-	-
java/util/stream/Stream	of	(Ljava/lang/Object;)Ljava/util/stream/Stream;	true	STORE_RETURN_NEW	0	STREAM_ELEMENT	-	-
java/util/stream/Stream	generate	(Ljava/util/function/Supplier;)Ljava/util/stream/Stream;	true	CALLBACK_NEW	-	-	0@java/util/function/Supplier#get#()Ljava/lang/Object;#INTERFACE@-	STREAM_ELEMENT
java/util/stream/Stream	iterate	(Ljava/lang/Object;Ljava/util/function/UnaryOperator;)Ljava/util/stream/Stream;	true	CALLBACK_NEW	0	STREAM_ELEMENT	1@java/util/function/UnaryOperator#apply#(Ljava/lang/Object;)Ljava/lang/Object;#INTERFACE@arg:0	STREAM_ELEMENT
java/util/stream/Stream	filter	(Ljava/util/function/Predicate;)Ljava/util/stream/Stream;	false	CALLBACK_THIS	-	-	0@java/util/function/Predicate#test#(Ljava/lang/Object;)Z#INTERFACE@slot:STREAM_ELEMENT	-
java/util/stream/Stream	map	(Ljava/util/function/Function;)Ljava/util/stream/Stream;	false	CALLBACK_NEW	-	-	0@java/util/function/Function#apply#(Ljava/lang/Object;)Ljava/lang/Object;#INTERFACE@slot:STREAM_ELEMENT	STREAM_ELEMENT
java/util/stream/Stream	flatMap	(Ljava/util/function/Function;)Ljava/util/stream/Stream;	false	CALLBACK_NEW	-	-	0@java/util/function/Function#apply#(Ljava/lang/Object;)Ljava/lang/Object;#INTERFACE@slot:STREAM_ELEMENT	-
java/util/stream/Stream	peek	(Ljava/util/function/Consumer;)Ljava/util/stream/Stream;	false	CALLBACK_THIS	-	-	0@java/util/function/Consumer#accept#(Ljava/lang/Object;)V#INTERFACE@slot:STREAM_ELEMENT	-
java/util/stream/Stream	sorted	(Ljava/util/Comparator;)Ljava/util/stream/Stream;	false	CALLBACK_THIS	-	-	0@java/util/Comparator#compare#(Ljava/lang/Object;Ljava/lang/Object;)I#INTERFACE@slot:STREAM_ELEMENT,slot:STREAM_ELEMENT	-
java/util/stream/Stream	forEach	(Ljava/util/function/Consumer;)V	false	CALLBACK_VOID	-	-	0@java/util/function/Consumer#accept#(Ljava/lang/Object;)V#INTERFACE@slot:STREAM_ELEMENT	-
java/util/stream/Stream	forEachOrdered	(Ljava/util/function/Consumer;)V	false	CALLBACK_VOID	-	-	0@java/util/function/Consumer#accept#(Ljava/lang/Object;)V#INTERFACE@slot:STREAM_ELEMENT	-
java/util/stream/Stream	reduce	(Ljava/lang/Object;Ljava/util/function/BinaryOperator;)Ljava/lang/Object;	false	CALLBACK_RESULT	-	-	1@java/util/function/BinaryOperator#apply#(Ljava/lang/Object;Ljava/lang/Object;)Ljava/lang/Object;#INTERFACE@arg:0,slot:STREAM_ELEMENT	STREAM_ELEMENT
java/util/stream/Stream	anyMatch	(Ljava/util/function/Predicate;)Z	false	CALLBACK_VOID	-	-	0@java/util/function/Predicate#test#(Ljava/lang/Object;)Z#INTERFACE@slot:STREAM_ELEMENT	-
java/util/stream/Stream	allMatch	(Ljava/util/function/Predicate;)Z	false	CALLBACK_VOID	-	-	0@java/util/function/Predicate#test#(Ljava/lang/Object;)Z#INTERFACE@slot:STREAM_ELEMENT	-
java/util/stream/Stream	findFirst	()Ljava/util/Optional;	false	COPY_NEW	-	STREAM_ELEMENT	-	OPTIONAL_VALUE
java/util/stream/Stream	findAny	()Ljava/util/Optional;	false	COPY_NEW	-	STREAM_ELEMENT	-	OPTIONAL_VALUE
java/util/stream/Stream	toList	()Ljava/util/List;	false	COPY_NEW	-	STREAM_ELEMENT	-	COLLECTION_ELEMENT
java/util/Optional	empty	()Ljava/util/Optional;	true	RETURN_NEW	-	-	-	-
java/util/Optional	of	(Ljava/lang/Object;)Ljava/util/Optional;	true	STORE_RETURN_NEW	0	OPTIONAL_VALUE	-	-
java/util/Optional	ofNullable	(Ljava/lang/Object;)Ljava/util/Optional;	true	STORE_RETURN_NEW	0	OPTIONAL_VALUE	-	-
java/util/Optional	get	()Ljava/lang/Object;	false	LOAD	-	OPTIONAL_VALUE	-	-
java/util/Optional	orElse	(Ljava/lang/Object;)Ljava/lang/Object;	false	LOAD	-	OPTIONAL_VALUE	-	-
java/util/Optional	orElseGet	(Ljava/util/function/Supplier;)Ljava/lang/Object;	false	CALLBACK_RESULT	-	-	0@java/util/function/Supplier#get#()Ljava/lang/Object;#INTERFACE@-	OPTIONAL_VALUE
java/util/Optional	ifPresent	(Ljava/util/function/Consumer;)V	false	CALLBACK_VOID	-	-	0@java/util/function/Consumer#accept#(Ljava/lang/Object;)V#INTERFACE@slot:OPTIONAL_VALUE	-
java/util/Optional	filter	(Ljava/util/function/Predicate;)Ljava/util/Optional;	false	CALLBACK_THIS	-	-	0@java/util/function/Predicate#test#(Ljava/lang/Object;)Z#INTERFACE@slot:OPTIONAL_VALUE	-
java/util/Optional	map	(Ljava/util/function/Function;)Ljava/util/Optional;	false	CALLBACK_NEW	-	-	0@java/util/function/Function#apply#(Ljava/lang/Object;)Ljava/lang/Object;#INTERFACE@slot:OPTIONAL_VALUE	OPTIONAL_VALUE
java/util/Optional	flatMap	(Ljava/util/function/Function;)Ljava/util/Optional;	false	CALLBACK_NEW	-	-	0@java/util/function/Function#apply#(Ljava/lang/Object;)Ljava/lang/Object;#INTERFACE@slot:OPTIONAL_VALUE	-

# Text, regular expressions and general values
java/lang/String	valueOf	(Ljava/lang/Object;)Ljava/lang/String;	true	CALLBACK_RESULT	-	-	0@java/lang/Object#toString#()Ljava/lang/String;#VIRTUAL@-	-
java/lang/String	concat	(Ljava/lang/String;)Ljava/lang/String;	false	RETURN_NEW	-	-	-	-
java/lang/String	substring	(I)Ljava/lang/String;	false	RETURN_NEW	-	-	-	-
java/lang/String	substring	(II)Ljava/lang/String;	false	RETURN_NEW	-	-	-	-
java/lang/String	replace	(Ljava/lang/CharSequence;Ljava/lang/CharSequence;)Ljava/lang/String;	false	RETURN_NEW	-	-	-	-
java/lang/String	split	(Ljava/lang/String;)[Ljava/lang/String;	false	RETURN_NEW	-	-	-	-
java/lang/String	getBytes	()[B	false	RETURN_NEW	-	-	-	-
java/lang/StringBuilder	append	(Ljava/lang/Object;)Ljava/lang/StringBuilder;	false	CALLBACK_THIS	-	-	0@java/lang/Object#toString#()Ljava/lang/String;#VIRTUAL@-	-
java/lang/StringBuilder	append	(Ljava/lang/String;)Ljava/lang/StringBuilder;	false	RETURN_THIS	-	-	-	-
java/lang/StringBuilder	append	(Ljava/lang/CharSequence;)Ljava/lang/StringBuilder;	false	RETURN_THIS	-	-	-	-
java/lang/StringBuilder	insert	(ILjava/lang/Object;)Ljava/lang/StringBuilder;	false	CALLBACK_THIS	-	-	1@java/lang/Object#toString#()Ljava/lang/String;#VIRTUAL@-	-
java/lang/StringBuilder	delete	(II)Ljava/lang/StringBuilder;	false	RETURN_THIS	-	-	-	-
java/lang/StringBuilder	reverse	()Ljava/lang/StringBuilder;	false	RETURN_THIS	-	-	-	-
java/lang/StringBuilder	toString	()Ljava/lang/String;	false	RETURN_NEW	-	-	-	-
java/lang/StringBuffer	append	(Ljava/lang/Object;)Ljava/lang/StringBuffer;	false	CALLBACK_THIS	-	-	0@java/lang/Object#toString#()Ljava/lang/String;#VIRTUAL@-	-
java/lang/StringBuffer	toString	()Ljava/lang/String;	false	RETURN_NEW	-	-	-	-
java/util/Objects	toString	(Ljava/lang/Object;)Ljava/lang/String;	true	CALLBACK_RESULT	-	-	0@java/lang/Object#toString#()Ljava/lang/String;#VIRTUAL@-	-
java/util/Objects	requireNonNull	(Ljava/lang/Object;)Ljava/lang/Object;	true	RETURN_ARG	0	-	-	-
java/util/regex/Pattern	compile	(Ljava/lang/String;)Ljava/util/regex/Pattern;	true	RETURN_NEW	-	-	-	-
java/util/regex/Pattern	matcher	(Ljava/lang/CharSequence;)Ljava/util/regex/Matcher;	false	RETURN_NEW	-	-	-	-
java/util/regex/Matcher	find	()Z	false	NO_OP	-	-	-	-
java/util/regex/Matcher	group	()Ljava/lang/String;	false	RETURN_NEW	-	-	-	-
java/util/regex/Matcher	replaceAll	(Ljava/lang/String;)Ljava/lang/String;	false	RETURN_NEW	-	-	-	-
java/util/UUID	randomUUID	()Ljava/util/UUID;	true	RETURN_NEW	-	-	-	-
java/math/BigDecimal	add	(Ljava/math/BigDecimal;)Ljava/math/BigDecimal;	false	RETURN_NEW	-	-	-	-
java/math/BigDecimal	multiply	(Ljava/math/BigDecimal;)Ljava/math/BigDecimal;	false	RETURN_NEW	-	-	-	-
java/math/BigInteger	add	(Ljava/math/BigInteger;)Ljava/math/BigInteger;	false	RETURN_NEW	-	-	-	-
java/util/Locale	forLanguageTag	(Ljava/lang/String;)Ljava/util/Locale;	true	RETURN_NEW	-	-	-	-
java/util/ResourceBundle	getBundle	(Ljava/lang/String;)Ljava/util/ResourceBundle;	true	RETURN_NEW	-	-	-	-

# Date and time
java/time/Instant	now	()Ljava/time/Instant;	true	RETURN_NEW	-	-	-	-
java/time/Instant	ofEpochMilli	(J)Ljava/time/Instant;	true	RETURN_NEW	-	-	-	-
java/time/Instant	plus	(Ljava/time/temporal/TemporalAmount;)Ljava/time/Instant;	false	RETURN_NEW	-	-	-	-
java/time/LocalDate	now	()Ljava/time/LocalDate;	true	RETURN_NEW	-	-	-	-
java/time/LocalDate	of	(III)Ljava/time/LocalDate;	true	RETURN_NEW	-	-	-	-
java/time/LocalDate	plusDays	(J)Ljava/time/LocalDate;	false	RETURN_NEW	-	-	-	-
java/time/LocalDate	with	(Ljava/time/temporal/TemporalAdjuster;)Ljava/time/LocalDate;	false	CALLBACK_RESULT	-	-	0@java/time/temporal/TemporalAdjuster#adjustInto#(Ljava/time/temporal/Temporal;)Ljava/time/temporal/Temporal;#INTERFACE@this	-
java/time/LocalDate	query	(Ljava/time/temporal/TemporalQuery;)Ljava/lang/Object;	false	CALLBACK_RESULT	-	-	0@java/time/temporal/TemporalQuery#queryFrom#(Ljava/time/temporal/TemporalAccessor;)Ljava/lang/Object;#INTERFACE@this	-
java/time/LocalDateTime	now	()Ljava/time/LocalDateTime;	true	RETURN_NEW	-	-	-	-
java/time/ZonedDateTime	now	()Ljava/time/ZonedDateTime;	true	RETURN_NEW	-	-	-	-
java/time/Duration	ofMillis	(J)Ljava/time/Duration;	true	RETURN_NEW	-	-	-	-
java/time/Period	ofDays	(I)Ljava/time/Period;	true	RETURN_NEW	-	-	-	-
java/time/format/DateTimeFormatter	format	(Ljava/time/temporal/TemporalAccessor;)Ljava/lang/String;	false	RETURN_NEW	-	-	-	-
java/util/Date	<init>	()V	false	NO_OP	-	-	-	-
java/util/Calendar	getInstance	()Ljava/util/Calendar;	true	RETURN_NEW	-	-	-	-
java/text/DateFormat	format	(Ljava/util/Date;)Ljava/lang/String;	false	RETURN_NEW	-	-	-	-

# Locks, asynchronous execution and mutable holders
java/util/concurrent/locks/Lock	lock	()V	false	NO_OP	-	-	-	-
java/util/concurrent/locks/Lock	unlock	()V	false	NO_OP	-	-	-	-
java/util/concurrent/locks/Lock	tryLock	()Z	false	NO_OP	-	-	-	-
java/util/concurrent/locks/Lock	newCondition	()Ljava/util/concurrent/locks/Condition;	false	RETURN_NEW	-	-	-	-
java/util/concurrent/locks/ReadWriteLock	readLock	()Ljava/util/concurrent/locks/Lock;	false	RETURN_NEW	-	-	-	-
java/util/concurrent/locks/ReadWriteLock	writeLock	()Ljava/util/concurrent/locks/Lock;	false	RETURN_NEW	-	-	-	-
java/util/concurrent/locks/ReentrantLock	lock	()V	false	NO_OP	-	-	-	-
java/util/concurrent/locks/ReentrantLock	unlock	()V	false	NO_OP	-	-	-	-
java/util/concurrent/locks/ReentrantLock	tryLock	()Z	false	NO_OP	-	-	-	-
java/util/concurrent/locks/ReentrantLock	newCondition	()Ljava/util/concurrent/locks/Condition;	false	RETURN_NEW	-	-	-	-
java/lang/ThreadLocal	set	(Ljava/lang/Object;)V	false	STORE	0	THREAD_LOCAL_VALUE	-	-
java/lang/ThreadLocal	get	()Ljava/lang/Object;	false	LOAD	-	THREAD_LOCAL_VALUE	-	-
java/util/concurrent/atomic/AtomicReference	set	(Ljava/lang/Object;)V	false	STORE	0	ATOMIC_VALUE	-	-
java/util/concurrent/atomic/AtomicReference	get	()Ljava/lang/Object;	false	LOAD	-	ATOMIC_VALUE	-	-
java/util/concurrent/atomic/AtomicReference	getAndSet	(Ljava/lang/Object;)Ljava/lang/Object;	false	STORE	0	ATOMIC_VALUE	-	-
java/util/concurrent/atomic/AtomicReference	updateAndGet	(Ljava/util/function/UnaryOperator;)Ljava/lang/Object;	false	CALLBACK_RESULT	-	-	0@java/util/function/UnaryOperator#apply#(Ljava/lang/Object;)Ljava/lang/Object;#INTERFACE@slot:ATOMIC_VALUE	ATOMIC_VALUE
java/util/concurrent/Executor	execute	(Ljava/lang/Runnable;)V	false	CALLBACK_VOID	-	-	0@java/lang/Runnable#run#()V#INTERFACE@-	-
java/util/concurrent/ExecutorService	submit	(Ljava/util/concurrent/Callable;)Ljava/util/concurrent/Future;	false	CALLBACK_NEW	-	-	0@java/util/concurrent/Callable#call#()Ljava/lang/Object;#INTERFACE@-	FUTURE_RESULT
java/util/concurrent/ExecutorService	submit	(Ljava/lang/Runnable;)Ljava/util/concurrent/Future;	false	CALLBACK_NEW	-	-	0@java/lang/Runnable#run#()V#INTERFACE@-	-
java/util/concurrent/Future	get	()Ljava/lang/Object;	false	LOAD	-	FUTURE_RESULT	-	-
java/util/concurrent/FutureTask	<init>	(Ljava/util/concurrent/Callable;)V	false	CALLBACK_VOID	-	-	0@java/util/concurrent/Callable#call#()Ljava/lang/Object;#INTERFACE@-	FUTURE_RESULT
java/util/concurrent/FutureTask	get	()Ljava/lang/Object;	false	LOAD	-	FUTURE_RESULT	-	-
java/util/concurrent/CompletableFuture	supplyAsync	(Ljava/util/function/Supplier;)Ljava/util/concurrent/CompletableFuture;	true	CALLBACK_NEW	-	-	0@java/util/function/Supplier#get#()Ljava/lang/Object;#INTERFACE@-	FUTURE_RESULT
java/util/concurrent/CompletableFuture	runAsync	(Ljava/lang/Runnable;)Ljava/util/concurrent/CompletableFuture;	true	CALLBACK_NEW	-	-	0@java/lang/Runnable#run#()V#INTERFACE@-	-
java/util/concurrent/CompletableFuture	thenApply	(Ljava/util/function/Function;)Ljava/util/concurrent/CompletableFuture;	false	CALLBACK_NEW	-	-	0@java/util/function/Function#apply#(Ljava/lang/Object;)Ljava/lang/Object;#INTERFACE@slot:FUTURE_RESULT	FUTURE_RESULT
java/util/concurrent/CompletableFuture	thenAccept	(Ljava/util/function/Consumer;)Ljava/util/concurrent/CompletableFuture;	false	CALLBACK_NEW	-	-	0@java/util/function/Consumer#accept#(Ljava/lang/Object;)V#INTERFACE@slot:FUTURE_RESULT	-
java/util/concurrent/CompletableFuture	thenRun	(Ljava/lang/Runnable;)Ljava/util/concurrent/CompletableFuture;	false	CALLBACK_NEW	-	-	0@java/lang/Runnable#run#()V#INTERFACE@-	-
java/util/concurrent/CompletableFuture	join	()Ljava/lang/Object;	false	LOAD	-	FUTURE_RESULT	-	-
java/util/concurrent/CyclicBarrier	<init>	(ILjava/lang/Runnable;)V	false	CALLBACK_VOID	-	-	1@java/lang/Runnable#run#()V#INTERFACE@-	-
java/util/concurrent/CountDownLatch	await	()V	false	NO_OP	-	-	-	-
java/util/concurrent/CountDownLatch	countDown	()V	false	NO_OP	-	-	-	-
java/util/concurrent/Semaphore	acquire	()V	false	NO_OP	-	-	-	-
java/util/concurrent/Semaphore	release	()V	false	NO_OP	-	-	-	-

# I/O, NIO, networking, encoding and compression
java/io/InputStream	read	([B)I	false	STORE	0	BYTE_BUFFER	-	-
java/io/OutputStream	write	([B)V	false	STORE	0	BYTE_BUFFER	-	-
java/io/Reader	read	([C)I	false	STORE	0	CHAR_BUFFER	-	-
java/io/Writer	write	([C)V	false	STORE	0	CHAR_BUFFER	-	-
java/io/ByteArrayInputStream	<init>	([B)V	false	STORE	0	BYTE_BUFFER	-	-
java/io/ByteArrayOutputStream	write	([BII)V	false	STORE	0	BYTE_BUFFER	-	-
java/io/ByteArrayOutputStream	toByteArray	()[B	false	LOAD	-	BYTE_BUFFER	-	-
java/io/StringReader	<init>	(Ljava/lang/String;)V	false	STORE	0	CHAR_BUFFER	-	-
java/io/StringWriter	write	(Ljava/lang/String;)V	false	STORE	0	CHAR_BUFFER	-	-
java/io/StringWriter	toString	()Ljava/lang/String;	false	LOAD	-	CHAR_BUFFER	-	-
java/io/BufferedReader	readLine	()Ljava/lang/String;	false	LOAD	-	CHAR_BUFFER	-	-
java/nio/file/Paths	get	(Ljava/lang/String;[Ljava/lang/String;)Ljava/nio/file/Path;	true	RETURN_NEW	-	-	-	-
java/nio/file/Path	resolve	(Ljava/lang/String;)Ljava/nio/file/Path;	false	RETURN_NEW	-	-	-	-
java/nio/file/Files	readAllBytes	(Ljava/nio/file/Path;)[B	true	RETURN_NEW	-	-	-	-
java/nio/file/Files	write	(Ljava/nio/file/Path;[B[Ljava/nio/file/OpenOption;)Ljava/nio/file/Path;	true	STORE	1	BYTE_BUFFER	-	-
java/nio/file/Files	lines	(Ljava/nio/file/Path;)Ljava/util/stream/Stream;	true	RESOURCE_STREAM	-	-	-	-
java/nio/file/Files	list	(Ljava/nio/file/Path;)Ljava/util/stream/Stream;	true	RESOURCE_STREAM	-	-	-	-
java/nio/file/Files	walk	(Ljava/nio/file/Path;[Ljava/nio/file/FileVisitOption;)Ljava/util/stream/Stream;	true	RESOURCE_STREAM	-	-	-	-
java/nio/file/Files	walkFileTree	(Ljava/nio/file/Path;Ljava/nio/file/FileVisitor;)Ljava/nio/file/Path;	true	FILE_VISITOR	1	-	-	-
java/nio/ByteBuffer	allocate	(I)Ljava/nio/ByteBuffer;	true	RETURN_NEW	-	-	-	-
java/nio/ByteBuffer	wrap	([B)Ljava/nio/ByteBuffer;	true	STORE_RETURN_NEW	0	BYTE_BUFFER	-	-
java/nio/ByteBuffer	put	([B)Ljava/nio/ByteBuffer;	false	STORE_RETURN_THIS	0	BYTE_BUFFER	-	-
java/nio/ByteBuffer	array	()[B	false	LOAD	-	BYTE_BUFFER	-	-
java/nio/charset/Charset	forName	(Ljava/lang/String;)Ljava/nio/charset/Charset;	true	RETURN_NEW	-	-	-	-
java/nio/charset/Charset	encode	(Ljava/lang/String;)Ljava/nio/ByteBuffer;	false	RETURN_NEW	-	-	-	-
java/net/URI	create	(Ljava/lang/String;)Ljava/net/URI;	true	RETURN_NEW	-	-	-	-
java/net/URI	resolve	(Ljava/lang/String;)Ljava/net/URI;	false	RETURN_NEW	-	-	-	-
java/net/URL	<init>	(Ljava/lang/String;)V	false	NO_OP	-	-	-	-
java/net/URL	openConnection	()Ljava/net/URLConnection;	false	RETURN_NEW	-	-	-	-
java/net/URLConnection	getInputStream	()Ljava/io/InputStream;	false	RETURN_NEW	-	-	-	-
java/util/Base64	getEncoder	()Ljava/util/Base64$Encoder;	true	RETURN_NEW	-	-	-	-
java/util/Base64	getDecoder	()Ljava/util/Base64$Decoder;	true	RETURN_NEW	-	-	-	-
java/util/Base64$Encoder	encode	([B)[B	false	RETURN_NEW	-	-	-	-
java/util/Base64$Decoder	decode	([B)[B	false	RETURN_NEW	-	-	-	-
java/util/zip/GZIPInputStream	<init>	(Ljava/io/InputStream;)V	false	NO_OP	-	-	-	-
java/util/zip/GZIPOutputStream	<init>	(Ljava/io/OutputStream;)V	false	NO_OP	-	-	-	-

# Java serialization
java/io/ObjectOutputStream	writeObject	(Ljava/lang/Object;)V	false	SERIALIZE_WRITE	-	-	-	-
java/io/ObjectInputStream	readObject	()Ljava/lang/Object;	false	SERIALIZE_READ	-	-	-	-
java/io/ObjectInputStream	registerValidation	(Ljava/io/ObjectInputValidation;I)V	false	SERIALIZE_VALIDATE	-	-	-	-

# Concrete collections, sorted/navigable views and concurrent collections
java/util/Set	add	(Ljava/lang/Object;)Z	false	STORE	0	COLLECTION_ELEMENT	-	-
java/util/SortedSet	first	()Ljava/lang/Object;	false	LOAD	-	COLLECTION_ELEMENT	-	-
java/util/SortedSet	last	()Ljava/lang/Object;	false	LOAD	-	COLLECTION_ELEMENT	-	-
java/util/NavigableSet	lower	(Ljava/lang/Object;)Ljava/lang/Object;	false	LOAD	-	COLLECTION_ELEMENT	-	-
java/util/NavigableSet	floor	(Ljava/lang/Object;)Ljava/lang/Object;	false	LOAD	-	COLLECTION_ELEMENT	-	-
java/util/NavigableSet	ceiling	(Ljava/lang/Object;)Ljava/lang/Object;	false	LOAD	-	COLLECTION_ELEMENT	-	-
java/util/NavigableSet	higher	(Ljava/lang/Object;)Ljava/lang/Object;	false	LOAD	-	COLLECTION_ELEMENT	-	-
java/util/SortedMap	firstKey	()Ljava/lang/Object;	false	LOAD	-	MAP_KEY	-	-
java/util/SortedMap	lastKey	()Ljava/lang/Object;	false	LOAD	-	MAP_KEY	-	-
java/util/NavigableMap	lowerKey	(Ljava/lang/Object;)Ljava/lang/Object;	false	LOAD	-	MAP_KEY	-	-
java/util/NavigableMap	floorKey	(Ljava/lang/Object;)Ljava/lang/Object;	false	LOAD	-	MAP_KEY	-	-
java/util/NavigableMap	ceilingKey	(Ljava/lang/Object;)Ljava/lang/Object;	false	LOAD	-	MAP_KEY	-	-
java/util/NavigableMap	higherKey	(Ljava/lang/Object;)Ljava/lang/Object;	false	LOAD	-	MAP_KEY	-	-
java/util/ListIterator	previous	()Ljava/lang/Object;	false	LOAD	-	COLLECTION_ELEMENT	-	-
java/util/Enumeration	nextElement	()Ljava/lang/Object;	false	LOAD	-	COLLECTION_ELEMENT	-	-
java/util/ArrayList	<init>	()V	false	NO_OP	-	-	-	-
java/util/ArrayList	add	(Ljava/lang/Object;)Z	false	STORE	0	COLLECTION_ELEMENT	-	-
java/util/ArrayList	get	(I)Ljava/lang/Object;	false	LOAD	-	COLLECTION_ELEMENT	-	-
java/util/ArrayList	set	(ILjava/lang/Object;)Ljava/lang/Object;	false	STORE	1	COLLECTION_ELEMENT	-	-
java/util/LinkedList	<init>	()V	false	NO_OP	-	-	-	-
java/util/LinkedList	add	(Ljava/lang/Object;)Z	false	STORE	0	COLLECTION_ELEMENT	-	-
java/util/LinkedList	get	(I)Ljava/lang/Object;	false	LOAD	-	COLLECTION_ELEMENT	-	-
java/util/LinkedList	offer	(Ljava/lang/Object;)Z	false	STORE	0	COLLECTION_ELEMENT	-	-
java/util/LinkedList	poll	()Ljava/lang/Object;	false	LOAD	-	COLLECTION_ELEMENT	-	-
java/util/HashMap	<init>	()V	false	NO_OP	-	-	-	-
java/util/HashMap	put	(Ljava/lang/Object;Ljava/lang/Object;)Ljava/lang/Object;	false	MAP_STORE	-	-	-	-
java/util/HashMap	get	(Ljava/lang/Object;)Ljava/lang/Object;	false	LOAD	-	MAP_VALUE	-	-
java/util/HashMap	computeIfAbsent	(Ljava/lang/Object;Ljava/util/function/Function;)Ljava/lang/Object;	false	CALLBACK_RESULT	0	MAP_KEY	1@java/util/function/Function#apply#(Ljava/lang/Object;)Ljava/lang/Object;#INTERFACE@arg:0	MAP_VALUE
java/util/LinkedHashMap	<init>	()V	false	NO_OP	-	-	-	-
java/util/LinkedHashMap	get	(Ljava/lang/Object;)Ljava/lang/Object;	false	LOAD	-	MAP_VALUE	-	-
java/util/TreeMap	<init>	()V	false	NO_OP	-	-	-	-
java/util/TreeMap	put	(Ljava/lang/Object;Ljava/lang/Object;)Ljava/lang/Object;	false	MAP_STORE	-	-	-	-
java/util/TreeMap	get	(Ljava/lang/Object;)Ljava/lang/Object;	false	LOAD	-	MAP_VALUE	-	-
java/util/HashSet	<init>	()V	false	NO_OP	-	-	-	-
java/util/HashSet	add	(Ljava/lang/Object;)Z	false	STORE	0	COLLECTION_ELEMENT	-	-
java/util/LinkedHashSet	<init>	()V	false	NO_OP	-	-	-	-
java/util/TreeSet	<init>	()V	false	NO_OP	-	-	-	-
java/util/TreeSet	add	(Ljava/lang/Object;)Z	false	STORE	0	COLLECTION_ELEMENT	-	-
java/util/ArrayDeque	<init>	()V	false	NO_OP	-	-	-	-
java/util/ArrayDeque	offer	(Ljava/lang/Object;)Z	false	STORE	0	COLLECTION_ELEMENT	-	-
java/util/ArrayDeque	poll	()Ljava/lang/Object;	false	LOAD	-	COLLECTION_ELEMENT	-	-
java/util/PriorityQueue	<init>	()V	false	NO_OP	-	-	-	-
java/util/PriorityQueue	offer	(Ljava/lang/Object;)Z	false	STORE	0	COLLECTION_ELEMENT	-	-
java/util/PriorityQueue	poll	()Ljava/lang/Object;	false	LOAD	-	COLLECTION_ELEMENT	-	-
java/util/Vector	<init>	()V	false	NO_OP	-	-	-	-
java/util/Vector	add	(Ljava/lang/Object;)Z	false	STORE	0	COLLECTION_ELEMENT	-	-
java/util/Vector	get	(I)Ljava/lang/Object;	false	LOAD	-	COLLECTION_ELEMENT	-	-
java/util/Stack	push	(Ljava/lang/Object;)Ljava/lang/Object;	false	STORE	0	COLLECTION_ELEMENT	-	-
java/util/Stack	pop	()Ljava/lang/Object;	false	LOAD	-	COLLECTION_ELEMENT	-	-
java/util/Hashtable	put	(Ljava/lang/Object;Ljava/lang/Object;)Ljava/lang/Object;	false	MAP_STORE	-	-	-	-
java/util/Hashtable	get	(Ljava/lang/Object;)Ljava/lang/Object;	false	LOAD	-	MAP_VALUE	-	-
java/util/Properties	setProperty	(Ljava/lang/String;Ljava/lang/String;)Ljava/lang/Object;	false	MAP_STORE	-	-	-	-
java/util/Properties	getProperty	(Ljava/lang/String;)Ljava/lang/String;	false	LOAD	-	MAP_VALUE	-	-
java/util/IdentityHashMap	put	(Ljava/lang/Object;Ljava/lang/Object;)Ljava/lang/Object;	false	MAP_STORE	-	-	-	-
java/util/IdentityHashMap	get	(Ljava/lang/Object;)Ljava/lang/Object;	false	LOAD	-	MAP_VALUE	-	-
java/util/WeakHashMap	put	(Ljava/lang/Object;Ljava/lang/Object;)Ljava/lang/Object;	false	MAP_STORE	-	-	-	-
java/util/WeakHashMap	get	(Ljava/lang/Object;)Ljava/lang/Object;	false	LOAD	-	MAP_VALUE	-	-
java/util/concurrent/ConcurrentMap	putIfAbsent	(Ljava/lang/Object;Ljava/lang/Object;)Ljava/lang/Object;	false	MAP_STORE	-	-	-	-
java/util/concurrent/ConcurrentMap	computeIfAbsent	(Ljava/lang/Object;Ljava/util/function/Function;)Ljava/lang/Object;	false	CALLBACK_RESULT	0	MAP_KEY	1@java/util/function/Function#apply#(Ljava/lang/Object;)Ljava/lang/Object;#INTERFACE@arg:0	MAP_VALUE
java/util/concurrent/ConcurrentHashMap	<init>	()V	false	NO_OP	-	-	-	-
java/util/concurrent/ConcurrentHashMap	put	(Ljava/lang/Object;Ljava/lang/Object;)Ljava/lang/Object;	false	MAP_STORE	-	-	-	-
java/util/concurrent/ConcurrentHashMap	get	(Ljava/lang/Object;)Ljava/lang/Object;	false	LOAD	-	MAP_VALUE	-	-
java/util/concurrent/ConcurrentHashMap	computeIfAbsent	(Ljava/lang/Object;Ljava/util/function/Function;)Ljava/lang/Object;	false	CALLBACK_RESULT	0	MAP_KEY	1@java/util/function/Function#apply#(Ljava/lang/Object;)Ljava/lang/Object;#INTERFACE@arg:0	MAP_VALUE
java/util/concurrent/ConcurrentSkipListMap	put	(Ljava/lang/Object;Ljava/lang/Object;)Ljava/lang/Object;	false	MAP_STORE	-	-	-	-
java/util/concurrent/ConcurrentSkipListMap	get	(Ljava/lang/Object;)Ljava/lang/Object;	false	LOAD	-	MAP_VALUE	-	-
java/util/concurrent/ConcurrentSkipListSet	add	(Ljava/lang/Object;)Z	false	STORE	0	COLLECTION_ELEMENT	-	-
java/util/concurrent/CopyOnWriteArrayList	add	(Ljava/lang/Object;)Z	false	STORE	0	COLLECTION_ELEMENT	-	-
java/util/concurrent/CopyOnWriteArrayList	get	(I)Ljava/lang/Object;	false	LOAD	-	COLLECTION_ELEMENT	-	-
java/util/concurrent/CopyOnWriteArraySet	add	(Ljava/lang/Object;)Z	false	STORE	0	COLLECTION_ELEMENT	-	-
java/util/concurrent/ConcurrentLinkedQueue	offer	(Ljava/lang/Object;)Z	false	STORE	0	COLLECTION_ELEMENT	-	-
java/util/concurrent/ConcurrentLinkedQueue	poll	()Ljava/lang/Object;	false	LOAD	-	COLLECTION_ELEMENT	-	-
java/util/concurrent/BlockingQueue	put	(Ljava/lang/Object;)V	false	STORE	0	COLLECTION_ELEMENT	-	-
java/util/concurrent/BlockingQueue	take	()Ljava/lang/Object;	false	LOAD	-	COLLECTION_ELEMENT	-	-
java/util/concurrent/ArrayBlockingQueue	offer	(Ljava/lang/Object;)Z	false	STORE	0	COLLECTION_ELEMENT	-	-
java/util/concurrent/ArrayBlockingQueue	poll	()Ljava/lang/Object;	false	LOAD	-	COLLECTION_ELEMENT	-	-
java/util/concurrent/LinkedBlockingQueue	offer	(Ljava/lang/Object;)Z	false	STORE	0	COLLECTION_ELEMENT	-	-
java/util/concurrent/LinkedBlockingQueue	poll	()Ljava/lang/Object;	false	LOAD	-	COLLECTION_ELEMENT	-	-
java/util/concurrent/PriorityBlockingQueue	offer	(Ljava/lang/Object;)Z	false	STORE	0	COLLECTION_ELEMENT	-	-
java/util/concurrent/PriorityBlockingQueue	poll	()Ljava/lang/Object;	false	LOAD	-	COLLECTION_ELEMENT	-	-
java/util/Collections	emptyList	()Ljava/util/List;	true	RETURN_NEW	-	-	-	-
java/util/Collections	singletonList	(Ljava/lang/Object;)Ljava/util/List;	true	STORE_RETURN_NEW	0	COLLECTION_ELEMENT	-	-
java/util/Collections	singleton	(Ljava/lang/Object;)Ljava/util/Set;	true	STORE_RETURN_NEW	0	COLLECTION_ELEMENT	-	-
java/util/Collections	singletonMap	(Ljava/lang/Object;Ljava/lang/Object;)Ljava/util/Map;	true	MAP_STORE_RETURN_NEW	-	-	-	-
java/util/Collections	unmodifiableList	(Ljava/util/List;)Ljava/util/List;	true	RETURN_ARG	0	-	-	-
java/util/Collections	unmodifiableMap	(Ljava/util/Map;)Ljava/util/Map;	true	RETURN_ARG	0	-	-	-

# BaseStream, primitive streams and primitive Optional variants
java/util/stream/BaseStream	iterator	()Ljava/util/Iterator;	false	RETURN_NEW	-	-	-	-
java/util/stream/BaseStream	sequential	()Ljava/util/stream/BaseStream;	false	RETURN_THIS	-	-	-	-
java/util/stream/BaseStream	parallel	()Ljava/util/stream/BaseStream;	false	RETURN_THIS	-	-	-	-
java/util/stream/BaseStream	close	()V	false	NO_OP	-	-	-	-
java/util/stream/IntStream	empty	()Ljava/util/stream/IntStream;	true	RETURN_NEW	-	-	-	-
java/util/stream/IntStream	of	(I)Ljava/util/stream/IntStream;	true	RETURN_NEW	-	-	-	-
java/util/stream/IntStream	filter	(Ljava/util/function/IntPredicate;)Ljava/util/stream/IntStream;	false	CALLBACK_THIS	-	-	0@java/util/function/IntPredicate#test#(I)Z#INTERFACE@zero	-
java/util/stream/IntStream	map	(Ljava/util/function/IntUnaryOperator;)Ljava/util/stream/IntStream;	false	CALLBACK_NEW	-	-	0@java/util/function/IntUnaryOperator#applyAsInt#(I)I#INTERFACE@zero	-
java/util/stream/IntStream	mapToObj	(Ljava/util/function/IntFunction;)Ljava/util/stream/Stream;	false	CALLBACK_NEW	-	-	0@java/util/function/IntFunction#apply#(I)Ljava/lang/Object;#INTERFACE@zero	STREAM_ELEMENT
java/util/stream/IntStream	forEach	(Ljava/util/function/IntConsumer;)V	false	CALLBACK_VOID	-	-	0@java/util/function/IntConsumer#accept#(I)V#INTERFACE@zero	-
java/util/stream/LongStream	empty	()Ljava/util/stream/LongStream;	true	RETURN_NEW	-	-	-	-
java/util/stream/LongStream	of	(J)Ljava/util/stream/LongStream;	true	RETURN_NEW	-	-	-	-
java/util/stream/LongStream	filter	(Ljava/util/function/LongPredicate;)Ljava/util/stream/LongStream;	false	CALLBACK_THIS	-	-	0@java/util/function/LongPredicate#test#(J)Z#INTERFACE@zero	-
java/util/stream/LongStream	mapToObj	(Ljava/util/function/LongFunction;)Ljava/util/stream/Stream;	false	CALLBACK_NEW	-	-	0@java/util/function/LongFunction#apply#(J)Ljava/lang/Object;#INTERFACE@zero	STREAM_ELEMENT
java/util/stream/LongStream	forEach	(Ljava/util/function/LongConsumer;)V	false	CALLBACK_VOID	-	-	0@java/util/function/LongConsumer#accept#(J)V#INTERFACE@zero	-
java/util/stream/DoubleStream	empty	()Ljava/util/stream/DoubleStream;	true	RETURN_NEW	-	-	-	-
java/util/stream/DoubleStream	of	(D)Ljava/util/stream/DoubleStream;	true	RETURN_NEW	-	-	-	-
java/util/stream/DoubleStream	filter	(Ljava/util/function/DoublePredicate;)Ljava/util/stream/DoubleStream;	false	CALLBACK_THIS	-	-	0@java/util/function/DoublePredicate#test#(D)Z#INTERFACE@zero	-
java/util/stream/DoubleStream	mapToObj	(Ljava/util/function/DoubleFunction;)Ljava/util/stream/Stream;	false	CALLBACK_NEW	-	-	0@java/util/function/DoubleFunction#apply#(D)Ljava/lang/Object;#INTERFACE@zero	STREAM_ELEMENT
java/util/stream/DoubleStream	forEach	(Ljava/util/function/DoubleConsumer;)V	false	CALLBACK_VOID	-	-	0@java/util/function/DoubleConsumer#accept#(D)V#INTERFACE@zero	-
java/util/OptionalInt	empty	()Ljava/util/OptionalInt;	true	RETURN_NEW	-	-	-	-
java/util/OptionalInt	of	(I)Ljava/util/OptionalInt;	true	RETURN_NEW	-	-	-	-
java/util/OptionalInt	getAsInt	()I	false	NO_OP	-	-	-	-
java/util/OptionalInt	ifPresent	(Ljava/util/function/IntConsumer;)V	false	CALLBACK_VOID	-	-	0@java/util/function/IntConsumer#accept#(I)V#INTERFACE@zero	-
java/util/OptionalLong	ifPresent	(Ljava/util/function/LongConsumer;)V	false	CALLBACK_VOID	-	-	0@java/util/function/LongConsumer#accept#(J)V#INTERFACE@zero	-
java/util/OptionalDouble	ifPresent	(Ljava/util/function/DoubleConsumer;)V	false	CALLBACK_VOID	-	-	0@java/util/function/DoubleConsumer#accept#(D)V#INTERFACE@zero	-

# Text utilities and general values
java/util/StringJoiner	<init>	(Ljava/lang/CharSequence;)V	false	NO_OP	-	-	-	-
java/util/StringJoiner	add	(Ljava/lang/CharSequence;)Ljava/util/StringJoiner;	false	RETURN_THIS	-	-	-	-
java/util/StringJoiner	toString	()Ljava/lang/String;	false	RETURN_NEW	-	-	-	-
java/util/Formatter	format	(Ljava/lang/String;[Ljava/lang/Object;)Ljava/util/Formatter;	false	RETURN_THIS	-	-	-	-
java/util/Scanner	next	()Ljava/lang/String;	false	RETURN_NEW	-	-	-	-
java/util/Scanner	nextLine	()Ljava/lang/String;	false	RETURN_NEW	-	-	-	-
java/util/regex/Pattern	split	(Ljava/lang/CharSequence;)[Ljava/lang/String;	false	RETURN_NEW	-	-	-	-
java/util/Objects	compare	(Ljava/lang/Object;Ljava/lang/Object;Ljava/util/Comparator;)I	true	CALLBACK_VOID	-	-	2@java/util/Comparator#compare#(Ljava/lang/Object;Ljava/lang/Object;)I#INTERFACE@arg:0,arg:1	-
java/lang/Integer	valueOf	(I)Ljava/lang/Integer;	true	RETURN_NEW	-	-	-	-
java/lang/Integer	parseInt	(Ljava/lang/String;)I	true	NO_OP	-	-	-	-
java/lang/Long	valueOf	(J)Ljava/lang/Long;	true	RETURN_NEW	-	-	-	-
java/lang/Long	parseLong	(Ljava/lang/String;)J	true	NO_OP	-	-	-	-
java/lang/Boolean	valueOf	(Z)Ljava/lang/Boolean;	true	RETURN_NEW	-	-	-	-
java/util/Random	nextInt	(I)I	false	NO_OP	-	-	-	-
java/util/concurrent/ThreadLocalRandom	current	()Ljava/util/concurrent/ThreadLocalRandom;	true	RETURN_NEW	-	-	-	-
java/util/Currency	getInstance	(Ljava/lang/String;)Ljava/util/Currency;	true	RETURN_NEW	-	-	-	-

# Additional date and time contracts
java/time/Clock	systemUTC	()Ljava/time/Clock;	true	RETURN_NEW	-	-	-	-
java/time/Clock	instant	()Ljava/time/Instant;	false	RETURN_NEW	-	-	-	-
java/time/LocalTime	now	()Ljava/time/LocalTime;	true	RETURN_NEW	-	-	-	-
java/time/LocalTime	of	(II)Ljava/time/LocalTime;	true	RETURN_NEW	-	-	-	-
java/time/OffsetDateTime	now	()Ljava/time/OffsetDateTime;	true	RETURN_NEW	-	-	-	-
java/time/OffsetTime	now	()Ljava/time/OffsetTime;	true	RETURN_NEW	-	-	-	-
java/time/ZoneId	of	(Ljava/lang/String;)Ljava/time/ZoneId;	true	RETURN_NEW	-	-	-	-
java/time/ZoneOffset	of	(Ljava/lang/String;)Ljava/time/ZoneOffset;	true	RETURN_NEW	-	-	-	-
java/time/Year	of	(I)Ljava/time/Year;	true	RETURN_NEW	-	-	-	-
java/time/YearMonth	of	(II)Ljava/time/YearMonth;	true	RETURN_NEW	-	-	-	-
java/time/MonthDay	of	(II)Ljava/time/MonthDay;	true	RETURN_NEW	-	-	-	-
java/time/format/DateTimeFormatter	ofPattern	(Ljava/lang/String;)Ljava/time/format/DateTimeFormatter;	true	RETURN_NEW	-	-	-	-
java/time/format/DateTimeFormatter	parse	(Ljava/lang/CharSequence;Ljava/time/temporal/TemporalQuery;)Ljava/lang/Object;	false	CALLBACK_RESULT	-	-	1@java/time/temporal/TemporalQuery#queryFrom#(Ljava/time/temporal/TemporalAccessor;)Ljava/lang/Object;#INTERFACE@null	-
java/util/Calendar	getTime	()Ljava/util/Date;	false	RETURN_NEW	-	-	-	-
java/util/TimeZone	getTimeZone	(Ljava/lang/String;)Ljava/util/TimeZone;	true	RETURN_NEW	-	-	-	-
java/text/DateFormat	parse	(Ljava/lang/String;)Ljava/util/Date;	false	RETURN_NEW	-	-	-	-
java/text/SimpleDateFormat	<init>	(Ljava/lang/String;)V	false	NO_OP	-	-	-	-

# Additional concurrency, locks and asynchronous execution
java/util/concurrent/locks/Condition	await	()V	false	NO_OP	-	-	-	-
java/util/concurrent/locks/Condition	signal	()V	false	NO_OP	-	-	-	-
java/util/concurrent/locks/Condition	signalAll	()V	false	NO_OP	-	-	-	-
java/util/concurrent/locks/ReentrantReadWriteLock	<init>	()V	false	NO_OP	-	-	-	-
java/util/concurrent/locks/ReentrantReadWriteLock	readLock	()Ljava/util/concurrent/locks/ReentrantReadWriteLock$ReadLock;	false	RETURN_NEW	-	-	-	-
java/util/concurrent/locks/ReentrantReadWriteLock	writeLock	()Ljava/util/concurrent/locks/ReentrantReadWriteLock$WriteLock;	false	RETURN_NEW	-	-	-	-
java/util/concurrent/locks/StampedLock	readLock	()J	false	NO_OP	-	-	-	-
java/util/concurrent/locks/StampedLock	writeLock	()J	false	NO_OP	-	-	-	-
java/util/concurrent/locks/StampedLock	unlockRead	(J)V	false	NO_OP	-	-	-	-
java/util/concurrent/locks/StampedLock	unlockWrite	(J)V	false	NO_OP	-	-	-	-
java/util/concurrent/ScheduledExecutorService	schedule	(Ljava/lang/Runnable;JLjava/util/concurrent/TimeUnit;)Ljava/util/concurrent/ScheduledFuture;	false	CALLBACK_NEW	-	-	0@java/lang/Runnable#run#()V#INTERFACE@-	-
java/util/concurrent/ScheduledExecutorService	schedule	(Ljava/util/concurrent/Callable;JLjava/util/concurrent/TimeUnit;)Ljava/util/concurrent/ScheduledFuture;	false	CALLBACK_NEW	-	-	0@java/util/concurrent/Callable#call#()Ljava/lang/Object;#INTERFACE@-	FUTURE_RESULT
java/util/concurrent/CompletionStage	thenApply	(Ljava/util/function/Function;)Ljava/util/concurrent/CompletionStage;	false	CALLBACK_NEW	-	-	0@java/util/function/Function#apply#(Ljava/lang/Object;)Ljava/lang/Object;#INTERFACE@slot:FUTURE_RESULT	FUTURE_RESULT
java/util/concurrent/CompletionStage	thenAccept	(Ljava/util/function/Consumer;)Ljava/util/concurrent/CompletionStage;	false	CALLBACK_NEW	-	-	0@java/util/function/Consumer#accept#(Ljava/lang/Object;)V#INTERFACE@slot:FUTURE_RESULT	-
java/util/concurrent/ForkJoinPool	submit	(Ljava/util/concurrent/Callable;)Ljava/util/concurrent/ForkJoinTask;	false	CALLBACK_NEW	-	-	0@java/util/concurrent/Callable#call#()Ljava/lang/Object;#INTERFACE@-	FUTURE_RESULT
java/util/concurrent/ForkJoinTask	fork	()Ljava/util/concurrent/ForkJoinTask;	false	RETURN_THIS	-	-	-	-
java/util/concurrent/ForkJoinTask	join	()Ljava/lang/Object;	false	LOAD	-	FUTURE_RESULT	-	-
java/lang/ThreadLocal	withInitial	(Ljava/util/function/Supplier;)Ljava/lang/ThreadLocal;	true	CALLBACK_NEW	-	-	0@java/util/function/Supplier#get#()Ljava/lang/Object;#INTERFACE@-	THREAD_LOCAL_VALUE
java/lang/InheritableThreadLocal	get	()Ljava/lang/Object;	false	LOAD	-	THREAD_LOCAL_VALUE	-	-
java/lang/InheritableThreadLocal	set	(Ljava/lang/Object;)V	false	STORE	0	THREAD_LOCAL_VALUE	-	-
java/util/concurrent/atomic/AtomicReference	compareAndSet	(Ljava/lang/Object;Ljava/lang/Object;)Z	false	STORE	1	ATOMIC_VALUE	-	-
java/util/concurrent/atomic/LongAdder	add	(J)V	false	NO_OP	-	-	-	-
java/util/concurrent/atomic/LongAdder	sum	()J	false	NO_OP	-	-	-	-
java/util/concurrent/Phaser	arrive	()I	false	NO_OP	-	-	-	-
java/util/concurrent/Phaser	awaitAdvance	(I)I	false	NO_OP	-	-	-	-

# Additional I/O, NIO, resource, networking and compression contracts
java/io/InputStream	read	()I	false	NO_OP	-	-	-	-
java/io/InputStream	close	()V	false	NO_OP	-	-	-	-
java/io/OutputStream	write	(I)V	false	NO_OP	-	-	-	-
java/io/OutputStream	close	()V	false	NO_OP	-	-	-	-
java/io/Reader	close	()V	false	NO_OP	-	-	-	-
java/io/Writer	close	()V	false	NO_OP	-	-	-	-
java/io/File	<init>	(Ljava/lang/String;)V	false	NO_OP	-	-	-	-
java/io/File	toPath	()Ljava/nio/file/Path;	false	RETURN_NEW	-	-	-	-
java/io/File	listFiles	()[Ljava/io/File;	false	RETURN_NEW	-	-	-	-
java/io/RandomAccessFile	<init>	(Ljava/lang/String;Ljava/lang/String;)V	false	NO_OP	-	-	-	-
java/nio/file/Files	newInputStream	(Ljava/nio/file/Path;[Ljava/nio/file/OpenOption;)Ljava/io/InputStream;	true	RETURN_NEW	-	-	-	-
java/nio/file/Files	newOutputStream	(Ljava/nio/file/Path;[Ljava/nio/file/OpenOption;)Ljava/io/OutputStream;	true	RETURN_NEW	-	-	-	-
java/nio/file/Files	newDirectoryStream	(Ljava/nio/file/Path;Ljava/nio/file/DirectoryStream$Filter;)Ljava/nio/file/DirectoryStream;	true	CALLBACK_NEW	-	-	1@java/nio/file/DirectoryStream$Filter#accept#(Ljava/lang/Object;)Z#INTERFACE@arg:0	-
java/nio/Buffer	clear	()Ljava/nio/Buffer;	false	RETURN_THIS	-	-	-	-
java/nio/Buffer	flip	()Ljava/nio/Buffer;	false	RETURN_THIS	-	-	-	-
java/nio/Buffer	rewind	()Ljava/nio/Buffer;	false	RETURN_THIS	-	-	-	-
java/nio/channels/ReadableByteChannel	read	(Ljava/nio/ByteBuffer;)I	false	STORE	0	BYTE_BUFFER	-	-
java/nio/channels/WritableByteChannel	write	(Ljava/nio/ByteBuffer;)I	false	STORE	0	BYTE_BUFFER	-	-
java/nio/channels/Channel	close	()V	false	NO_OP	-	-	-	-
java/nio/charset/Charset	decode	(Ljava/nio/ByteBuffer;)Ljava/nio/CharBuffer;	false	RETURN_NEW	-	-	-	-
java/nio/charset/CharsetEncoder	encode	(Ljava/nio/CharBuffer;)Ljava/nio/ByteBuffer;	false	RETURN_NEW	-	-	-	-
java/nio/charset/CharsetDecoder	decode	(Ljava/nio/ByteBuffer;)Ljava/nio/CharBuffer;	false	RETURN_NEW	-	-	-	-
java/net/InetAddress	getByName	(Ljava/lang/String;)Ljava/net/InetAddress;	true	RETURN_NEW	-	-	-	-
java/net/URLConnection	getOutputStream	()Ljava/io/OutputStream;	false	RETURN_NEW	-	-	-	-
java/util/zip/ZipInputStream	getNextEntry	()Ljava/util/zip/ZipEntry;	false	RETURN_NEW	-	-	-	-
java/util/zip/ZipOutputStream	putNextEntry	(Ljava/util/zip/ZipEntry;)V	false	NO_OP	-	-	-	-
java/util/zip/ZipFile	entries	()Ljava/util/Enumeration;	false	RETURN_NEW	-	-	-	-
java/util/jar/JarFile	entries	()Ljava/util/Enumeration;	false	RETURN_NEW	-	-	-	-
